,longitude,latitude,image_degrees_from_north,distance_to_next,elevation
0,35.61374,-120.8012,84.2894068562394,1,444.4381103515625
1,35.61374,-120.80119,73.3007557652594,9,444.5345458984375
2,35.61377,-120.80109,71.56505117911354,6,445.2643432617188
3,35.61379,-120.80103,63.434948822922024,14,445.4669189453125
4,35.61386,-120.80089,75.96375653686306,4,445.0962524414062
5,35.61387,-120.80085,63.434948822922024,15,445.1503601074219
6,35.61394,-120.80071,75.96375652728398,3,445.7452697753906
7,35.61395,-120.80067,68.19859051505205,4,446.0736389160156
8,35.61397,-120.80062,88.56790381578116,3,446.1110534667969
9,35.61397,-120.80058,89.28384005450249,7,446.1645812988281
10,35.61397,-120.8005,87.13759477479533,2,446.5958251953125
11,35.61397,-120.80048,89.0451587459786,5,446.7334594726562
12,35.61397,-120.80042,284.03624346792645,6,447.1836547851562
13,35.61395,-120.80034,291.80140948494795,5,447.6945495605469
14,35.61393,-120.80029,296.565051177078,10,447.958251953125
15,35.61388,-120.80019,302.0053832099132,9,448.7282104492188
16,35.61383,-120.80011,293.1985905129463,8,449.3840026855469
17,35.6138,-120.80004,300.963756527284,6,450.1873168945312
18,35.61377,-120.79999,291.8014094905633,4,450.7442626953125
19,35.61375,-120.79994,87.13759477479533,2,451.1482543945312
20,35.61375,-120.79992,284.036243472716,3,451.1744689941406
21,35.61374,-120.79988,88.56790381578116,4,451.257568359375
22,35.61374,-120.79984,88.56790381578116,4,451.2936401367188
23,35.61374,-120.7998,88.56790381578116,3,451.347900390625
24,35.61374,-120.79976,82.87498364984555,6,451.4443359375
25,35.61375,-120.79968,65.55604522042,11,451.8434143066406
26,35.6138,-120.79957,60.25511870321435,32,453.0861511230469
27,35.61396,-120.79929,63.434948822922024,19,454.1769714355469
28,35.61405,-120.79911,63.434948822922024,57,454.5487365722656
29,35.61432,-120.79857,72.89727103138773,12,455.7726135253906
30,35.61436,-120.79844,68.19859051154242,10,455.8128356933594
31,35.6144,-120.79834,80.53767779197437,11,455.8880615234375
32,35.61442,-120.79822,85.91438322167835,12,456.02685546875
33,35.61443,-120.79808,89.47914362546152,10,456.2786865234375
34,35.61443,-120.79797,89.77963270388659,23,456.1770629882812
35,35.61443,-120.79771,85.6012946435676,12,456.8463134765625
36,35.61444,-120.79758,88.31531568273704,31,456.9403381347656
37,35.61445,-120.79724,87.13759477479533,2,457.9714050292969
38,35.61445,-120.79722,82.40535663081596,41,458.0949401855469
39,35.61451,-120.79677,81.86989764692964,19,458.5038452148438
40,35.61454,-120.79656,81.86989764258715,6,459.0283508300781
41,35.61455,-120.79649,278.1301023557844,6,458.6838073730469
42,35.61454,-120.79642,89.18154453823888,6,457.7489624023438
43,35.61454,-120.79635,284.03624346313694,4,457.0860290527344
44,35.61453,-120.79631,276.3401917478958,8,456.883056640625
45,35.61452,-120.79622,286.69924423100565,9,457.0833129882812
46,35.61449,-120.79612,286.6992442347406,9,457.7604675292969
47,35.61446,-120.79602,278.13010235741285,6,459.5585021972656
48,35.61445,-120.79595,284.03624346313694,3,460.5195617675781
49,35.61444,-120.79591,88.09084756760916,2,460.8354797363281
50,35.61444,-120.79588,88.56790381578116,3,461.0629577636719
51,35.61444,-120.79584,75.96375653686306,4,461.5486450195312
52,35.61445,-120.7958,63.434948822922024,1,461.9646606445312
53,35.61446,-120.79578,63.434948822922024,2,462.1143493652344
54,35.61447,-120.79576,71.56505117300685,6,462.2564392089844
55,35.61449,-120.7957,68.96248897646683,13,462.6189575195312
56,35.61454,-120.79557,71.56505117707798,12,463.4091796875
57,35.61458,-120.79545,73.3007557652594,9,463.8064270019531
58,35.61461,-120.79535,83.29016319238201,15,463.9801330566406
59,35.61463,-120.79518,77.00538320693994,12,465.5504455566406
60,35.61466,-120.79505,74.05460410035738,19,465.8103637695312
61,35.61472,-120.79484,71.56505117572095,9,467.2272033691406
62,35.61475,-120.79475,63.434948822922024,4,468.2549743652344
63,35.61477,-120.79471,61.699244233433376,14,468.5456237792969
64,35.61484,-120.79458,63.434948822922024,11,469.6737060546875
65,35.61489,-120.79448,56.30993247402023,14,469.84228515625
66,35.61497,-120.79436,59.4207731276357,25,468.8263549804688
67,35.6151,-120.79414,51.34019174541345,12,470.4789123535156
68,35.61518,-120.79404,54.782407032371395,20,470.9700622558594
69,35.6153,-120.79387,26.565051185220227,2,472.1159973144531
70,35.61532,-120.79386,51.95295746836484,29,472.1783142089844
71,35.6155,-120.79363,51.3401917349874,6,472.0665893554688
72,35.61554,-120.79358,69.44395478599341,8,472.4330139160156
73,35.61557,-120.7935,59.03624345954478,6,472.4849853515625
74,35.6156,-120.79345,74.05460410138153,6,472.1186828613281
75,35.61562,-120.79338,78.69006752284815,5,471.1793212890625
76,35.61563,-120.79333,85.2363583109584,10,470.7700805664062
77,35.61564,-120.79321,89.18154453840498,6,471.359619140625
78,35.61564,-120.79314,84.2894068562394,1,472.0342712402344
79,35.61564,-120.79313,89.04515874620472,5,472.1235046386719
80,35.61564,-120.79307,88.8542371618629,5,472.4664611816406
81,35.61564,-120.79302,275.1944289060663,10,472.5662536621094
82,35.61563,-120.79291,284.03624346792645,12,472.6641845703125
83,35.6156,-120.79279,279.4623222124268,5,474.6177062988281
84,35.61559,-120.79273,89.04515874620472,5,475.4599609375
85,35.61559,-120.79267,80.5376777897738,5,475.7803955078125
86,35.6156,-120.79261,78.6900675306772,4,475.6817016601562
87,35.61561,-120.79256,63.43494881477977,4,476.0473327636719
88,35.61563,-120.79252,84.28940686430099,1,476.6186218261719
89,35.61563,-120.79251,63.434948822922024,6,476.8359680175781
90,35.61566,-120.79245,59.93141717872879,21,477.2112731933594
91,35.61577,-120.79226,61.389540330404486,11,475.8423156738281
92,35.61583,-120.79215,63.43494882699309,9,476.5593872070312
93,35.61587,-120.79207,69.4439547781858,9,477.4284973144531
94,35.6159,-120.79199,75.96375653207355,8,477.6550598144531
95,35.61592,-120.79191,75.9637565332709,16,478.2856750488281
96,35.61596,-120.79175,75.96375653207355,8,479.3297119140625
97,35.61598,-120.79167,71.56505117544953,14,479.276611328125
98,35.61603,-120.79152,69.14554196203397,21,478.9949340820312
99,35.61611,-120.79131,69.44395478041656,16,478.91162109375
100,35.61617,-120.79115,63.43494882020792,13,480.0088806152344
101,35.61623,-120.79103,63.43494882699309,8,481.2612609863281
102,35.61627,-120.79095,71.56505117504241,6,481.5824279785156
103,35.61629,-120.79089,65.55604522014119,12,482.1522521972656
104,35.61634,-120.79078,79.69515353090827,10,482.2098999023438
105,35.61636,-120.79067,75.9637565344683,7,483.0147399902344
106,35.61638,-120.79059,83.6598082521042,9,482.7973022460938
107,35.61639,-120.7905,82.87498365360352,7,482.2056579589844
108,35.6164,-120.79042,89.36340642403752,8,482.3497619628906
109,35.6164,-120.79033,87.13759477276483,2,483.2515869140625
110,35.6164,-120.79031,86.18592516462883,14,483.7270202636719
111,35.61641,-120.79016,84.80557109460108,10,485.3279418945312
112,35.61642,-120.79005,89.0451587459786,5,485.6216125488281
113,35.61642,-120.78999,78.69006752284815,5,485.8344421386719
114,35.61643,-120.78994,80.53767779637559,5,485.3548583984375
115,35.61644,-120.78988,75.96375653207355,7,485.8128356933594
116,35.61646,-120.7898,68.19859051154242,10,487.064208984375
117,35.6165,-120.7897,71.5650511811491,3,486.9232788085938
118,35.61651,-120.78967,68.9624889737388,13,486.7712097167969
119,35.61656,-120.78954,73.17859011044334,41,488.2341003417969
120,35.61669,-120.78911,71.56505117504241,6,488.9352416992188
121,35.61671,-120.78905,63.434948822922024,2,488.6706237792969
122,35.61672,-120.78903,81.86989764828672,6,488.5211791992188
123,35.61673,-120.78896,75.96375652728398,8,489.535888671875
124,35.61675,-120.78888,81.86989764991512,6,490.7696838378906
125,35.61676,-120.78881,83.6598082521042,8,491.5882873535156
126,35.61677,-120.78872,89.42706130233552,8,491.92724609375
127,35.61677,-120.78862,89.28384005450249,7,492.2049865722656
128,35.61677,-120.78854,274.0856167812148,13,492.5525207519531
129,35.61676,-120.7884,86.18592516426855,13,494.5606384277344
130,35.61677,-120.78825,80.53767779637559,6,494.8370361328125
131,35.61678,-120.78819,84.80557109093041,10,494.8730163574219
132,35.61679,-120.78808,71.56505117979208,8,496.8295593261719
133,35.61682,-120.78799,70.3461759397361,14,497.5599060058594
134,35.61687,-120.78785,45.0,1,499.4930725097656
135,35.61688,-120.78784,67.16634582323195,20,499.4620361328125
136,35.61696,-120.78765,56.30993247088861,3,500.73876953125
137,35.61698,-120.78762,64.98310652234574,16,500.3794555664062
138,35.61705,-120.78747,63.434948822922024,6,501.7842712402344
139,35.61708,-120.78741,63.43494882190424,33,503.0724487304688
140,35.61724,-120.78709,68.19859051505205,5,503.6598510742188
141,35.61726,-120.78704,61.38954033481269,24,504.2278747558594
142,35.61738,-120.78682,59.036243466729104,11,505.8780212402344
143,35.61744,-120.78672,55.0079798019878,12,506.5141296386719
144,35.61751,-120.78662,57.094757076714245,19,505.775634765625
145,35.61762,-120.78645,57.99461679374622,9,508.6343078613281
146,35.61767,-120.78637,56.309932471932484,11,509.318359375
147,35.61773,-120.78628,49.39870535930612,9,509.3328552246094
148,35.61779,-120.78621,53.130102353070356,15,509.5506286621094
149,35.61788,-120.78609,53.13010235089911,5,511.3504028320312
150,35.61791,-120.78605,45.00000000185048,16,511.6391906738281
151,35.61802,-120.78594,36.86989764258715,10,511.7868347167969
152,35.6181,-120.78588,30.963756533270896,12,511.3126220703125
153,35.6182,-120.78582,23.198590515052047,16,511.0718383789062
154,35.61834,-120.78576,14.036243472716023,4,511.5370483398438
155,35.61838,-120.78575,15.255118700865637,12,511.5352172851562
156,35.61849,-120.78572,10.61965527446523,18,512.0977783203125
157,35.61865,-120.78569,0.0,3,513.3535766601562
158,35.61868,-120.78569,0.0,2,513.4657592773438
159,35.61871,-120.78569,18.43494882699315,4,513.58154296875
160,35.61874,-120.78568,45.00000002035557,1,514.0740966796875
161,35.61875,-120.78567,14.036243472716023,4,514.4927368164062
162,35.61879,-120.78566,36.8698976377018,5,514.9508666992188
163,35.61883,-120.78563,21.80140948073648,6,515.8058471679688
164,35.61888,-120.78561,30.963756539257815,6,516.0917358398438
165,35.61893,-120.78558,30.963756527283977,6,516.5391845703125
166,35.61898,-120.78555,29.744881295689595,8,516.8958740234375
167,35.61905,-120.78551,14.036243472716023,4,517.0990600585938
168,35.61909,-120.7855,18.43494882699315,3,516.7811279296875
169,35.61912,-120.78549,0.0,4,516.6626586914062
170,35.61916,-120.78549,345.963756527284,4,516.4926147460938
171,35.6192,-120.7855,348.69006752284815,6,516.3544921875
172,35.61925,-120.78551,350.5376777886735,7,516.57421875
173,35.61931,-120.78552,351.25383774073936,14,516.9495849609375
174,35.61944,-120.78554,0.0,7,518.7036743164062
175,35.61951,-120.78554,8.130102356598627,8,519.9470825195312
176,35.61958,-120.78553,26.565051152651336,2,520.5275268554688
177,35.6196,-120.78552,15.945395905531655,8,520.6155395507812
178,35.61967,-120.7855,18.434948816815336,7,521.12744140625
179,35.61973,-120.78548,21.80140949196715,6,521.9786376953125
180,35.61978,-120.78546,45.0,1,522.5614013671875
181,35.61979,-120.78545,18.43494883106422,3,522.9464721679688
182,35.61982,-120.78544,0.0,3,523.1236572265625
183,35.61985,-120.78544,0.0,3,523.0408325195312
184,35.61988,-120.78544,345.963756527284,3,523.1641235351562
185,35.61992,-120.78545,326.309932467757,0,523.2051391601562
186,35.61995,-120.78547,303.6900675291114,0,522.8949584960938
187,35.61997,-120.7855,272.86240522520467,0,522.2288818359375
188,35.61997,-120.78552,315.00000002035557,0,521.7252807617188
189,35.61998,-120.78553,272.86240522520467,1,521.7193603515625
190,35.61998,-120.78555,315.0,1,521.1837158203125
191,35.61999,-120.78556,275.710593135699,0,521.1074829101562
192,35.61999,-120.78557,275.7105931437606,0,520.8226318359375
193,35.61999,-120.78558,275.710593135699,1,520.5518188476562
194,35.61999,-120.78559,45.0,1,520.7088623046875
195,35.61998,-120.7856,272.8624052272352,1,520.7077026367188
196,35.61998,-120.78562,63.43494883920647,2,521.0175170898438
197,35.61997,-120.78564,63.434948822922024,4,521.19287109375
198,35.61995,-120.78568,272.86240522520467,1,521.6210327148438
199,35.61995,-120.7857,66.0375110224839,9,522.0630493164062
200,35.61991,-120.78579,63.434948822922024,8,522.5911865234375
201,35.61987,-120.78587,71.5650511811491,3,522.7576293945312
202,35.61986,-120.7859,71.56505116893578,3,522.81982421875
203,35.61985,-120.78593,71.56505118929135,2,522.9448852539062
204,35.61984,-120.78596,271.1457628381371,4,523.07373046875
205,35.61984,-120.78601,81.86989764258715,6,523.7769775390625
206,35.61983,-120.78608,271.43209618421884,4,524.1409301757812
207,35.61983,-120.78612,270.9548412537953,5,524.3671264648438
208,35.61983,-120.78618,288.4349488310642,3,524.3380126953125
209,35.61984,-120.78621,271.90915243239084,3,524.6380004882812
210,35.61984,-120.78624,296.565051177078,4,524.50830078125
211,35.61986,-120.78628,291.80140948494795,4,524.961669921875
212,35.61988,-120.78633,296.565051177078,6,525.5391845703125
213,35.61991,-120.78639,308.65980825706896,6,526.233642578125
214,35.61995,-120.78644,315.0,4,527.2509765625
215,35.61998,-120.78647,314.99999998982224,5,528.1071166992188
216,35.62002,-120.78651,323.1301023546988,16,528.6875
217,35.62014,-120.7866,323.13010235741285,4,529.744384765625
218,35.62018,-120.78663,338.1985905220712,6,529.9415893554688
219,35.62023,-120.78665,333.4349488147798,5,530.7389526367188
220,35.62027,-120.78667,348.69006752284815,6,531.2564697265625
221,35.62032,-120.78668,348.6900675385063,5,532.0048217773438
222,35.62037,-120.78669,0.0,5,532.3894653320312
223,35.62042,-120.78669,9.462322198122934,7,532.8873291015625
224,35.62048,-120.78668,11.309932477151847,6,533.7741088867188
225,35.62053,-120.78667,16.699244232126148,11,534.3540649414062
226,35.62063,-120.78664,45.0,1,535.0860595703125
227,35.62064,-120.78663,22.619864949485816,14,535.3458251953125
228,35.62076,-120.78658,22.249023656708005,25,536.9296264648438
229,35.62098,-120.78649,45.00000002035557,1,537.9044799804688
230,35.62099,-120.78648,28.072486935289476,18,538.2525024414062
231,35.62114,-120.7864,47.29061004172809,18,539.8116455078125
232,35.62126,-120.78627,50.194428909069586,8,541.1431274414062
233,35.62131,-120.78621,36.869897646929644,15,541.4027709960938
234,35.62143,-120.78612,5.710593135081183,21,541.4561157226562
235,35.62163,-120.7861,7.3523793596423275,34,542.9694213867188
236,35.62194,-120.78606,9.462322211326523,7,545.3612670898438
237,35.622,-120.78605,18.434948821904243,13,545.2841796875
238,35.62212,-120.78601,10.304846472022916,12,546.3607788085938
239,35.62223,-120.78599,7.125016351407112,9,546.6629638671875
240,35.62231,-120.78598,0.0,9,547.0135498046875
241,35.62239,-120.78598,355.2363583075892,13,548.3560180664062
242,35.62251,-120.78599,353.6598082521042,10,549.2736206054688
243,35.6226,-120.786,348.69006752284815,6,550.359375
244,35.62265,-120.78601,350.53767780187707,7,550.3147583007812
245,35.62271,-120.78602,343.30075576152444,11,550.4732666015625
246,35.62281,-120.78605,344.74488129913436,12,550.109375
247,35.62292,-120.78608,336.8014094898614,8,550.6188354492188
248,35.62299,-120.78611,314.99999997964443,2,551.088134765625
249,35.623,-120.78612,340.55996517082167,20,551.024658203125
250,35.62317,-120.78618,336.0375110262612,21,550.7885131835938
251,35.62335,-120.78626,345.963756527284,4,550.4283447265625
252,35.62339,-120.78627,330.2551187043104,9,550.0260009765625
253,35.62346,-120.78631,331.38954033196035,13,549.5169067382812
254,35.62357,-120.78637,331.9275130647105,18,549.3508911132812
255,35.62372,-120.78645,336.0375110262612,11,548.8758544921875
256,35.62381,-120.78649,331.5570713756913,29,548.1698608398438
257,35.62405,-120.78662,341.56505117300685,3,546.7586669921875
258,35.62408,-120.78663,341.0295921928646,37,546.6428833007812
259,35.6244,-120.78674,339.4439547737243,9,544.9511108398438
260,35.62448,-120.78677,333.434948822922,12,544.1407470703125
261,35.62458,-120.78682,333.4349488234309,39,542.9893798828125
262,35.6249,-120.78698,329.036243472716,6,537.4166259765625
263,35.62495,-120.78701,333.4349488147798,3,536.4568481445312
264,35.62497,-120.78702,333.4349488188509,4,536.0166625976562
265,35.62501,-120.78704,315.0,5,535.1416625976562
266,35.62504,-120.78707,314.99999998982224,2,534.7185668945312
267,35.62506,-120.78709,315.00000000678517,4,534.4290161132812
268,35.62509,-120.78712,296.5650511933624,2,534.01416015625
269,35.6251,-120.78714,296.5650511689358,3,533.9991455078125
270,35.62512,-120.78718,284.03624346313694,4,533.9400634765625
271,35.62513,-120.78722,291.80140948494795,5,534.1278076171875
272,35.62515,-120.78727,288.4349488310642,3,534.0238647460938
273,35.62516,-120.7873,271.90915243329454,2,533.9946899414062
274,35.62516,-120.78733,288.43494881070865,3,534.1892700195312
275,35.62517,-120.78736,279.4623222124268,6,534.0357055664062
276,35.62518,-120.78742,271.90915243239084,2,533.824951171875
277,35.62518,-120.78745,271.43209618421884,4,533.8388061523438
278,35.62518,-120.78749,271.1457628381371,5,533.7883911132812
279,35.62518,-120.78754,80.53767778757322,6,533.6513671875
280,35.62517,-120.7876,81.86989764991512,6,533.7708740234375
281,35.62516,-120.78767,75.96375652728398,4,533.7694702148438
282,35.62515,-120.78771,78.6900675306772,5,533.8851928710938
283,35.62514,-120.78776,68.19859050943671,5,533.8025512695312
284,35.62512,-120.78781,66.0375110224839,10,533.9431762695312
285,35.62508,-120.7879,45.00000002035557,2,533.9227905273438
286,35.62507,-120.78791,60.94539590015472,20,534.0369873046875
287,35.62497,-120.78809,59.036243469722535,22,533.6618041992188
288,35.62485,-120.78829,71.56505116893578,3,535.0859375
289,35.62484,-120.78832,63.434948822922024,3,535.0988159179688
290,35.62482,-120.78836,271.90915243239084,3,535.26416015625
291,35.62482,-120.78839,71.56505116893578,2,535.0565185546875
292,35.62481,-120.78842,296.5650511933624,1,535.1764526367188
293,35.62482,-120.78844,272.86240522520467,1,534.7296142578125
294,35.62482,-120.78846,275.710593135699,0,534.632568359375
295,35.62482,-120.78847,315.0,1,534.6246948242188
296,35.62483,-120.78848,272.8624052272352,1,534.2372436523438
297,35.62483,-120.7885,314.99999997964443,1,534.2183837890625
298,35.62484,-120.78851,315.0,1,533.8286743164062
299,35.62485,-120.78852,309.80557109359995,7,533.4351196289062
300,35.6249,-120.78858,325.61965527692325,24,532.50537109375
301,35.62509,-120.78871,333.4349488147798,2,531.8429565429688
302,35.62511,-120.78872,332.10272896861227,21,531.5911865234375
303,35.62528,-120.78881,315.0,1,527.9315185546875
304,35.62529,-120.78882,326.3099324719325,12,527.6543579101562
305,35.62538,-120.78888,323.13010235741285,10,526.3883666992188
306,35.62546,-120.78894,315.0,8,525.131103515625
307,35.62552,-120.789,299.74488129819485,7,524.1666259765625
308,35.62556,-120.78907,296.5650511730069,8,523.6459350585938
309,35.6256,-120.78915,286.6992442369816,10,522.8754272460938
310,35.62563,-120.78925,296.56505116079353,2,521.6595458984375
311,35.62564,-120.78927,280.3048464726743,10,521.1863403320312
312,35.62566,-120.78938,281.3099324732373,9,520.825439453125
313,35.62568,-120.78948,270.9548412537953,6,520.6000366210938
314,35.62568,-120.78954,278.1301023517133,6,520.3930053710938
315,35.62569,-120.78961,271.43209618421884,4,519.9581909179688
316,35.62569,-120.78965,271.43209618421884,3,519.9104614257812
317,35.62569,-120.78969,271.90915243239084,2,519.691650390625
318,35.62569,-120.78972,271.90915243329454,2,519.4781494140625
319,35.62569,-120.78975,272.86240522520467,1,519.2570190429688
320,35.62569,-120.78977,315.0000000407111,0,519.116455078125
321,35.6257,-120.78978,303.6900675165849,3,518.8486328125
322,35.62572,-120.78981,315.00000001017776,2,518.570068359375
323,35.62574,-120.78983,333.434948822922,11,518.4638061523438
324,35.62582,-120.78987,0.0,0,517.2781372070312
325,35.62587,-120.78987,18.434948802566453,3,516.7362060546875
326,35.6259,-120.78986,18.43494883106422,3,516.6435546875
327,35.62593,-120.78985,26.5650511811491,5,516.4492797851562
328,35.62597,-120.78983,33.690067519716536,4,515.9594116210938
329,35.626,-120.78981,42.87890360266931,19,515.5877685546875
330,35.62614,-120.78968,48.366460662025986,12,514.2205200195312
331,35.62622,-120.78959,47.72631099381414,29,514.05419921875
332,35.62642,-120.78937,45.00000000581588,10,511.8808898925781
333,35.62649,-120.7893,49.398705354356935,27,510.9700317382812
334,35.62667,-120.78909,47.48955292184553,32,511.1535034179688
335,35.62689,-120.78885,53.746162261025574,18,509.3064880371094
336,35.627,-120.7887,50.906141115494734,20,509.1548767089844
337,35.62713,-120.78854,51.3401917478958,12,509.3897399902344
338,35.62721,-120.78844,51.009005956211865,26,508.6312561035156
339,35.62738,-120.78823,50.71059313548426,14,507.4656677246094
340,35.62747,-120.78812,51.3401917478958,6,506.662841796875
341,35.62751,-120.78807,51.3401917478958,6,506.5982971191406
342,35.62755,-120.78802,56.30993247715185,7,506.3775634765625
343,35.62759,-120.78796,53.13010235089911,5,505.7568664550781
344,35.62762,-120.78792,63.434948822922024,2,505.3876647949219
345,35.62763,-120.7879,84.2894068562394,1,505.2091674804688
346,35.62763,-120.78789,63.434948822922024,5,505.1138305664062
347,35.62765,-120.78785,71.56505117911354,6,504.8503723144531
348,35.62767,-120.78779,75.96375653686306,3,504.634033203125
349,35.62768,-120.78775,88.09084756760916,3,504.4801635742188
350,35.62768,-120.78772,88.09084756670546,3,504.2611999511719
351,35.62768,-120.78769,88.09084756670546,3,504.0081787109375
352,35.62768,-120.78766,88.8542371618629,5,503.8099670410156
353,35.62768,-120.78761,284.03624346313694,3,503.5593566894531
354,35.62767,-120.78757,88.09084756670546,3,503.3292236328125
355,35.62767,-120.78754,288.43494882088646,6,503.2039794921875
356,35.62765,-120.78748,281.8214883403963,40,502.8636169433594
357,35.62756,-120.78705,284.036243472716,3,499.0582885742188
358,35.62755,-120.78701,273.0127875031712,17,498.8495788574219
359,35.62754,-120.78682,89.47914362552876,10,497.520751953125
360,35.62754,-120.78671,276.3401917478958,8,496.7550354003906
361,35.62753,-120.78662,84.28940686430099,1,496.3600769042969
362,35.62753,-120.78661,281.30993247480313,9,496.3016357421875
363,35.62751,-120.78651,284.03624346792645,11,496.1399536132812
364,35.62748,-120.78639,296.565051177078,16,496.0592956542969
365,35.6274,-120.78623,296.565051177078,2,496.0010681152344
366,35.62739,-120.78621,288.4349488202079,9,495.9526977539062
367,35.62736,-120.78612,279.4623222113265,10,495.5448913574219
368,35.62734,-120.786,277.5946433680581,14,494.6598205566406
369,35.62732,-120.78585,275.1944289060663,10,493.11376953125
370,35.62731,-120.78574,281.30993247715185,4,491.796142578125
371,35.6273,-120.78569,296.565051177078,8,491.42236328125
372,35.62726,-120.78561,288.434948822922,3,491.46728515625
373,35.62725,-120.78558,306.86989764258715,4,491.4773559570312
374,35.62722,-120.78554,309.80557109760434,7,491.7074584960938
375,35.62717,-120.78548,299.7448812931843,8,491.9799194335938
376,35.62713,-120.78541,305.5376777952753,8,492.0101318359375
377,35.62708,-120.78534,300.96375653027746,11,491.8539123535156
378,35.62702,-120.78524,315.0,1,490.9185180664062
379,35.62701,-120.78523,302.0053832099132,9,490.6997985839844
380,35.62696,-120.78515,285.9453958986185,6,489.3297119140625
381,35.62694,-120.78508,278.1301023517133,6,489.2060241699219
382,35.62693,-120.78501,89.04515874620472,5,489.583251953125
383,35.62693,-120.78495,87.13759477276483,2,490.0572814941406
384,35.62693,-120.78493,88.8542371618629,4,490.150634765625
385,35.62693,-120.78488,85.6012946466808,11,490.1419677734375
386,35.62694,-120.78475,88.56790381578116,4,490.3118591308594
387,35.62694,-120.78471,81.8698976442156,6,490.3597717285156
388,35.62695,-120.78464,81.86989764625116,12,490.5935668945312
389,35.62697,-120.7845,84.2894068562394,1,491.1976623535156
390,35.62697,-120.78449,85.6012946435676,12,491.2482299804688
391,35.62698,-120.78436,89.36340642403752,8,492.1220703125
392,35.62698,-120.78427,89.04515874620472,5,492.0381469726562
393,35.62698,-120.78421,273.5763343759478,14,491.9289855957031
394,35.62697,-120.78405,272.7263109948273,19,491.0594482421875
395,35.62696,-120.78384,89.7877943795122,24,490.6996154785156
396,35.62696,-120.78357,276.0090059571599,17,490.8555297851562
397,35.62694,-120.78338,276.00900595760606,18,490.7181091308594
398,35.62692,-120.78319,84.28940686430099,1,490.773193359375
399,35.62692,-120.78318,280.0079798000752,15,490.8213500976562
400,35.62689,-120.78301,280.30484647137155,10,490.1482849121094
401,35.62687,-120.7829,284.03624346792645,7,490.0702819824219
402,35.62685,-120.78282,290.55604521735273,9,489.9955444335938
403,35.62682,-120.78274,292.2490236573565,22,489.3959655761719
404,35.62673,-120.78252,292.61986494707685,12,487.6450500488281
405,35.62668,-120.7824,290.55604522032706,24,486.9882202148438
406,35.62659,-120.78216,296.565051177078,4,486.8071899414062
407,35.62657,-120.78212,293.1985905125953,14,486.7274780273438
408,35.62651,-120.78198,293.9624889775161,9,486.9185791015625
409,35.62647,-120.78189,303.6900675249359,11,486.95751953125
410,35.62641,-120.7818,299.0546040998453,10,486.9615783691406
411,35.62636,-120.78171,296.565051177078,10,487.0569152832031
412,35.62631,-120.78161,296.565051177078,13,486.8538208007812
413,35.62625,-120.78149,290.5560452140066,8,486.5268859863281
414,35.62622,-120.78141,84.2894068562394,1,486.605712890625
415,35.62622,-120.7814,296.565051177078,6,486.68994140625
416,35.62619,-120.78134,285.9453959001547,13,486.4915771484375
417,35.62615,-120.7812,84.28940686430099,1,486.1618041992188
418,35.62615,-120.78119,287.102728971473,12,486.1956481933594
419,35.62611,-120.78106,278.1301023517133,6,485.5674133300781
420,35.6261,-120.78099,284.0362434667291,15,485.4082336425781
421,35.62606,-120.78083,281.68936917664615,27,484.3253784179688
422,35.626,-120.78054,284.74356283467773,18,483.02880859375
423,35.62595,-120.78035,285.9453959070679,7,481.4534912109375
424,35.62593,-120.78028,283.2405199138524,16,481.2375793457031
425,35.62589,-120.78011,282.9946167900868,12,480.9747314453125
426,35.62586,-120.77998,279.4623222124268,5,480.10009765625
427,35.62585,-120.77992,276.3401917478958,8,480.1047058105469
428,35.62584,-120.77983,278.1301023500849,6,480.3225402832031
429,35.62583,-120.77976,274.3987053564324,12,480.2509460449219
430,35.62582,-120.77963,89.0451587459786,5,480.0185546875
431,35.62582,-120.77957,83.6598082521042,8,480.014892578125
432,35.62583,-120.77948,85.23635831151995,11,480.0060424804688
433,35.62584,-120.77936,77.00538320693994,11,480.0010681152344
434,35.62587,-120.77923,74.05460409830903,7,480.5711669921875
435,35.62589,-120.77916,66.0375110262612,9,479.9413146972656
436,35.62593,-120.77907,84.28940686430099,1,479.6797790527344
437,35.62593,-120.77906,59.036243466729104,5,479.6622619628906
438,35.62596,-120.77901,57.99461679008681,9,479.4097290039062
439,35.62601,-120.77893,48.81407483284926,10,478.9663391113281
440,35.62608,-120.77885,45.00000000203556,14,479.2555236816406
441,35.62618,-120.77875,41.63353933544715,12,479.1280822753906
442,35.62627,-120.77867,45.0,13,478.4461669921875
443,35.62636,-120.77858,51.3401917478958,6,477.9145812988281
444,35.6264,-120.77853,63.434948822922024,2,477.5866088867188
445,35.62641,-120.77851,63.43494880663758,2,477.42724609375
446,35.62642,-120.77849,63.434948822922024,4,477.2626647949219
447,35.62644,-120.77845,71.56505118929135,3,476.9000244140625
448,35.62645,-120.77842,87.13759477276483,2,476.5885314941406
449,35.62645,-120.7784,71.56505117707798,2,476.4498901367188
450,35.62646,-120.77837,88.56790381578116,3,476.2557373046875
451,35.62646,-120.77833,88.09084756670546,3,476.1015014648438
452,35.62646,-120.7783,89.04515874620472,6,476.0664978027344
453,35.62646,-120.77824,84.28940686430099,1,476.1016235351562
454,35.62646,-120.77823,89.0451587459786,5,476.1854553222656
455,35.62646,-120.77817,273.36646066455285,16,476.6807556152344
456,35.62645,-120.778,89.18154453840498,7,477.6009521484375
457,35.62645,-120.77793,71.56505116893578,3,477.8414611816406
458,35.62646,-120.7779,89.36340642403752,8,477.9593811035156
459,35.62646,-120.77781,81.86989764991512,6,478.4413452148438
460,35.62647,-120.77774,81.2538377376801,12,478.7977905273438
461,35.62649,-120.77761,81.86989764340137,13,479.56787109375
462,35.62651,-120.77747,78.69006752702364,14,479.4949645996094
463,35.62654,-120.77732,80.83765295394801,28,479.9123229980469
464,35.62659,-120.77701,79.38034472353763,15,481.0847778320312
465,35.62662,-120.77685,76.75948008507976,16,482.6184997558594
466,35.62666,-120.77668,69.4439547781858,7,483.5684204101562
467,35.62669,-120.7766,75.96375653686306,4,484.1043090820312
468,35.6267,-120.77656,71.56505117911354,5,484.2946166992188
469,35.62672,-120.7765,63.434948822922024,6,484.1756896972656
470,35.62675,-120.77644,56.3099324750641,10,484.1472778320312
471,35.62681,-120.77635,59.03624345954478,6,483.7778625488281
472,35.62684,-120.7763,45.00000001017776,5,483.6974487304688
473,35.62688,-120.77626,47.12109639443071,20,483.6766357421875
474,35.62701,-120.77612,50.194428909069586,8,483.0062866210938
475,35.62706,-120.77606,44.99999999321483,4,482.5189514160156
476,35.62709,-120.77603,45.00000002035557,1,482.1762390136719
477,35.6271,-120.77602,53.13010235089911,5,482.0595092773438
478,35.62713,-120.77598,56.30993248341508,3,481.8783264160156
479,35.62715,-120.77595,63.434948822922024,4,481.8160095214844
480,35.62717,-120.77591,87.13759477276483,1,481.7208862304688
481,35.62717,-120.77589,71.56505117707798,2,481.6794128417969
482,35.62718,-120.77586,63.434948822922024,2,481.7325439453125
483,35.62719,-120.77584,87.13759477479533,2,481.8470764160156
484,35.62719,-120.77582,88.09084756670546,2,481.8353881835938
485,35.62719,-120.77579,88.56790381578116,3,481.8178100585938
486,35.62719,-120.77575,88.56790381578116,3,481.82080078125
487,35.62719,-120.77571,278.1301023500849,6,482.0165405273438
488,35.62718,-120.77564,288.4349488249576,6,482.1773376464844
489,35.62716,-120.77558,281.30993247715185,4,481.9252014160156
490,35.62715,-120.77553,88.56790381578116,3,482.0342102050781
491,35.62715,-120.77549,88.09084756760916,3,482.1965942382812
492,35.62715,-120.77546,88.09084756670546,3,482.137939453125
493,35.62715,-120.77543,87.13759477479533,1,482.0633850097656
494,35.62715,-120.77541,87.13759477276483,2,482.0095825195312
495,35.62715,-120.77539,88.09084756670546,3,481.8717956542969
496,35.62715,-120.77536,68.19859051505205,4,481.6517944335938
497,35.62717,-120.77531,75.96375652728398,3,481.6913757324219
498,35.62718,-120.77527,53.130102367183554,4,481.7129211425781
499,35.62721,-120.77523,63.43494880663758,2,482.1044311523438
500,35.62722,-120.77521,56.30993247088861,4,482.1339416503906
501,35.62724,-120.77518,53.13010236066975,5,482.2244262695312
502,35.62727,-120.77514,48.81407483573145,10,482.2884826660156
503,35.62734,-120.77506,43.45184230054656,27,482.0871276855469
504,35.62753,-120.77488,51.3401917478958,6,481.4415283203125
505,35.62757,-120.77483,56.30993247088861,3,480.8984985351562
506,35.62759,-120.7748,71.56505116893578,2,480.6853942871094
507,35.6276,-120.77477,63.43494883920647,2,480.6209411621094
508,35.62761,-120.77475,88.09084756670546,2,480.6749877929688
509,35.62761,-120.77472,88.56790381578116,2,480.5625305175781
510,35.62761,-120.77468,87.13759477479533,1,480.4138488769531
511,35.62761,-120.77466,288.4349488188509,2,480.3663024902344
512,35.6276,-120.77463,315.0,0,480.2013854980469
513,35.62759,-120.77462,303.6900675291114,0,480.0832214355469
514,35.62757,-120.77459,314.99999998982224,0,479.9438781738281
515,35.62755,-120.77457,314.99999997964443,1,479.9216003417969
516,35.62754,-120.77456,333.4349488554909,3,479.9268798828125
517,35.62752,-120.77455,341.5650511689358,4,479.9175415039062
518,35.62749,-120.77454,341.56505117300685,3,479.9744873046875
519,35.62746,-120.77453,0.0,5,480.1035766601562
520,35.62741,-120.77453,9.462322211326523,7,480.6248779296875
521,35.62735,-120.77454,21.0375110262612,15,481.3982543945312
522,35.62722,-120.77459,16.69924423100565,12,481.4955139160156
523,35.62712,-120.77462,15.945395905531655,8,481.2270812988281
524,35.62705,-120.77464,9.462322198122934,7,480.7898254394531
525,35.62699,-120.77465,0.0,4,480.9088134765625
526,35.62695,-120.77465,45.0,1,481.2328796386719
527,35.62694,-120.77466,0.0,4,481.0763549804688
528,35.6269,-120.77466,341.56505117300685,3,481.3301696777344
529,35.62687,-120.77465,350.53767780187707,6,481.7152709960938
530,35.62681,-120.77464,330.2551187043104,8,481.4146118164062
531,35.62674,-120.7746,326.3099324614937,4,480.7984008789062
532,35.62671,-120.77458,323.1301023622982,5,480.3707885742188
533,35.62667,-120.77455,314.9999999966074,8,479.6878356933594
534,35.62661,-120.77449,303.69006752284815,7,479.0807189941406
535,35.62657,-120.77443,307.87498365141136,11,479.8211975097656
536,35.6265,-120.77434,306.8698976491009,5,480.2348327636719
537,35.62647,-120.7743,306.0273733859838,13,480.1236572265625
538,35.62639,-120.77419,305.5376777897738,9,479.6776733398438
539,35.62634,-120.77412,309.80557109182024,23,479.5047302246094
540,35.62619,-120.77394,323.1301023598555,11,480.6531982421875
541,35.62611,-120.77388,315.0,13,479.8489990234375
542,35.62602,-120.77379,316.54815769838365,26,480.5713500976562
543,35.62583,-120.77361,320.1944289057326,8,480.4109497070312
544,35.62577,-120.77356,309.8055710909304,8,479.7889404296875
545,35.62572,-120.7735,306.8698976491009,5,478.9742736816406
546,35.62569,-120.77346,306.86989764258715,5,478.3677978515625
547,35.62566,-120.77342,306.8698976491009,5,477.935546875
548,35.62563,-120.77338,293.9624889737388,9,477.5821533203125
549,35.62559,-120.77329,293.1985905129463,7,477.6548156738281
550,35.62556,-120.77322,290.5560452218142,8,477.6131286621094
551,35.62553,-120.77314,281.3099324693228,4,477.1498107910156
552,35.62552,-120.77309,288.4349488249576,6,477.0729064941406
553,35.6255,-120.77303,277.12501635015445,7,476.6075744628906
554,35.62549,-120.77295,279.462322205825,5,476.46533203125
555,35.62548,-120.77289,296.565051177078,2,476.3302917480469
556,35.62547,-120.77287,88.09084756670546,3,476.0181274414062
557,35.62547,-120.77284,279.4623222102262,5,475.9564819335938
558,35.62546,-120.77278,89.28384005450249,7,475.4875793457031
559,35.62546,-120.7727,275.7105931350811,9,475.3495178222656
560,35.62545,-120.7726,89.36340642403752,8,474.6462097167969
561,35.62545,-120.77251,82.87498365360352,7,474.0794372558594
562,35.62546,-120.77243,89.18154453823888,6,474.0975952148438
563,35.62546,-120.77236,81.8698976442156,6,473.5536193847656
564,35.62547,-120.77229,75.96375653207355,8,473.1157531738281
565,35.62549,-120.77221,82.87498364859289,7,473.0302429199219
566,35.6255,-120.77213,80.53767779637559,5,472.4461364746094
567,35.62551,-120.77207,75.96375652728398,4,471.982666015625
568,35.62552,-120.77203,63.434948822922024,4,471.7166748046875
569,35.62554,-120.77199,68.19859051505205,5,471.7621459960938
570,35.62556,-120.77194,69.4439547781858,7,471.7123413085938
571,35.62559,-120.77186,63.434948822922024,10,471.238525390625
572,35.62563,-120.77178,51.3401917478958,6,470.2085571289062
573,35.62567,-120.77173,48.81407483789309,10,469.9758605957031
574,35.62574,-120.77165,48.81407483284926,10,469.5967712402344
575,35.62581,-120.77157,51.3401917478958,6,469.4562683105469
576,35.62585,-120.77152,56.30993247088861,3,469.4277954101562
577,35.62587,-120.77149,45.0,1,469.6661987304688
578,35.62588,-120.77148,84.28940686430099,1,469.7785034179688
579,35.62588,-120.77147,63.434948822922024,0,469.7444763183594
580,35.62589,-120.77145,87.13759477479533,1,469.8757934570312
581,35.62589,-120.77143,84.2894068562394,0,470.01708984375
582,35.62589,-120.77142,84.28940686430099,0,470.0877685546875
583,35.62589,-120.77141,87.13759477479533,0,470.1604614257812
584,35.62589,-120.77139,314.99999997964443,0,470.3071594238281
585,35.62588,-120.77138,87.13759477276483,1,470.2206726074219
586,35.62588,-120.77136,84.28940686430099,1,470.7994384765625
587,35.62588,-120.77135,315.0,1,471.1697082519531
588,35.62587,-120.77134,315.00000002035557,1,471.3375244140625
589,35.62586,-120.77133,315.0,3,471.474609375
590,35.62584,-120.77131,326.3099324614937,3,471.7009887695312
591,35.62581,-120.77129,333.4349488310642,4,471.6003112792969
592,35.62577,-120.77127,329.036243472716,6,471.279541015625
593,35.62572,-120.77124,333.434948822922,12,470.92138671875
594,35.62562,-120.77119,329.03624345715,5,469.4501342773438
595,35.62557,-120.77116,315.0,7,468.3996887207031
596,35.62552,-120.77111,315.00000000814225,7,468.2846374511719
597,35.62547,-120.77106,303.69006752284815,7,467.7330017089844
598,35.62543,-120.771,303.69006752284815,7,467.446044921875
599,35.62539,-120.77094,300.9637565332709,5,467.197998046875
600,35.62536,-120.77089,290.5560452218142,8,466.4967041015625
601,35.62533,-120.77081,282.9946167900868,12,465.7257080078125
602,35.6253,-120.77068,284.03624346792645,33,464.9762878417969
603,35.62521,-120.77032,284.036243472716,4,463.6467895507812
604,35.6252,-120.77028,284.0362434673278,30,463.21923828125
605,35.62512,-120.76996,284.9314171810093,14,462.3421936035156
606,35.62508,-120.76981,280.0079797992555,16,461.64306640625
607,35.62505,-120.76964,84.2894068562394,1,460.9196472167969
608,35.62505,-120.76963,89.18154453840498,6,460.8860473632812
609,35.62505,-120.76956,89.04515874620472,5,460.6347351074219
610,35.62505,-120.7695,88.85423716153736,4,460.2969970703125
611,35.62505,-120.76945,80.53767779637559,5,459.9237365722656
612,35.62506,-120.76939,63.434948822922024,4,459.4170837402344
613,35.62508,-120.76935,63.43494881477977,4,459.1470336914062
614,35.6251,-120.76931,56.30993248341508,3,459.0054321289062
615,35.62512,-120.76928,63.434948822922024,3,458.936279296875
616,35.62514,-120.76924,45.00000002035557,1,458.728515625
617,35.62515,-120.76923,44.999999959288914,1,458.7084045410156
618,35.62516,-120.76922,18.43494882699315,2,458.6823120117188
619,35.62519,-120.76921,0.0,4,458.7591552734375
620,35.62523,-120.76921,0.0,4,458.7488403320312
621,35.62527,-120.76921,357.5104470772327,25,458.6460266113281
622,35.6255,-120.76922,0.0,1,457.3210144042969
623,35.62551,-120.76922,0.0,2,457.2959899902344
624,35.62553,-120.76922,18.43494882699315,2,457.2491149902344
625,35.62556,-120.76921,26.565051185220227,2,457.1838684082031
626,35.62558,-120.7692,26.565051185220227,2,457.1715087890625
627,35.6256,-120.76919,56.30993247088861,2,457.2820129394531
628,35.62562,-120.76916,59.036243466729104,7,457.5347290039062
629,35.62565,-120.76911,0.0,0,458.7307434082031
630,35.62565,-120.76911,279.4623222080256,12,458.7307434082031
631,35.62563,-120.76899,288.43494882088646,6,458.3238830566406
632,35.62561,-120.76893,279.4623222124268,6,457.7540588378906
633,35.6256,-120.76887,84.28940686430099,1,457.5183410644531
634,35.6256,-120.76886,288.43494881070865,3,457.5107727050781
635,35.62559,-120.76883,288.4349488310642,3,457.2857666015625
636,35.62558,-120.7688,87.13759477276483,2,457.0388488769531
637,35.62558,-120.76878,88.09084756760916,2,456.9513244628906
638,35.62558,-120.76875,88.09084756670546,3,456.8058166503906
639,35.62558,-120.76872,88.09084756670546,2,456.6149597167969
640,35.62558,-120.76869,63.434948822922024,2,456.3664245605469
641,35.62559,-120.76867,87.13759477479533,2,456.3916625976562
642,35.62559,-120.76865,75.96375653686306,3,456.2617492675781
643,35.6256,-120.76861,44.99999998982224,3,456.245361328125
644,35.62562,-120.76859,71.56505117707798,3,456.5268859863281
645,35.62563,-120.76856,56.30993247088861,3,456.4750671386719
646,35.62565,-120.76853,56.30993247088861,4,456.4180297851562
647,35.62567,-120.7685,45.00000000678517,0,456.3528442382812
648,35.6257,-120.76847,49.763641690585814,17,456.1878051757812
649,35.62581,-120.76834,71.5650511811491,2,456.0853576660156
650,35.62582,-120.76831,45.0,1,456.0596313476562
651,35.62583,-120.7683,63.434948822922024,2,456.06201171875
652,35.62584,-120.76828,63.434948822922024,1,456.0127258300781
653,35.62585,-120.76826,88.09084756670546,2,455.9939575195312
654,35.62585,-120.76823,88.09084756760916,2,455.9379577636719
655,35.62585,-120.7682,288.4349488310642,2,455.8897705078125
656,35.62584,-120.76817,88.09084756670546,2,456.0650024414062
657,35.62584,-120.76814,284.03624346313694,4,456.4476928710938
658,35.62583,-120.7681,294.4439547798588,11,456.7963562011719
659,35.62578,-120.76799,284.03624346792645,8,457.3603820800781
660,35.62576,-120.76791,315.0,1,457.9317321777344
661,35.62575,-120.7679,284.03624346313694,4,457.8222045898438
662,35.62574,-120.76786,281.30993247715185,4,457.8539123535156
663,35.62573,-120.76781,88.8542371618629,4,457.631103515625
664,35.62573,-120.76776,88.8542371618629,5,457.5245056152344
665,35.62573,-120.76771,88.09084756670546,3,457.5151977539062
666,35.62573,-120.76768,88.8542371618629,4,457.5033874511719
667,35.62573,-120.76763,63.434948822922024,4,457.2135620117188
668,35.62575,-120.76759,75.96375652728398,4,457.2406005859375
669,35.62576,-120.76755,68.19859051505205,5,456.9075012207031
670,35.62578,-120.7675,62.65012421966276,31,456.4293518066406
671,35.62593,-120.76721,60.94539590015472,10,456.0362854003906
672,35.62598,-120.76712,45.0,1,456.4364013671875
673,35.62599,-120.76711,68.19859051505205,5,456.6099548339844
674,35.62601,-120.76706,74.05460409830903,6,456.8622436523438
675,35.62603,-120.76699,75.9637565344683,8,456.9011840820312
676,35.62605,-120.76691,74.74488129475009,10,456.9440612792969
677,35.62608,-120.7668,66.0375110262612,9,457.0641174316406
678,35.62612,-120.76671,84.28940686430099,1,457.0650939941406
679,35.62612,-120.7667,63.434948822922024,11,457.0521545410156
680,35.62617,-120.7666,60.642246456242276,17,457.7536315917969
681,35.62626,-120.76644,57.52880771034893,13,458.1539306640625
682,35.62633,-120.76633,84.28940686430099,1,458.407958984375
683,35.62633,-120.76632,55.49147701146774,19,458.4253845214844
684,35.62644,-120.76616,57.994616791916485,18,458.0205078125
685,35.62654,-120.766,45.0,1,456.6426391601562
686,35.62655,-120.76599,56.3099324750641,10,456.573486328125
687,35.62661,-120.7659,59.03624346872476,17,456.387939453125
688,35.6267,-120.76575,63.434948822922024,8,455.3719787597656
689,35.62674,-120.76567,69.4439547781858,8,454.5642395019531
690,35.62677,-120.76559,66.80140948705372,7,454.0709533691406
691,35.6268,-120.76552,73.30075576675335,10,453.6721801757812
692,35.62683,-120.76542,77.0053832083122,12,453.3829345703125
693,35.62686,-120.76529,76.75948008507976,16,452.1119079589844
694,35.6269,-120.76512,77.19573393423332,20,451.27880859375
695,35.62695,-120.7649,80.53767779197437,11,449.5452880859375
696,35.62697,-120.76478,83.6598082521042,8,449.0257263183594
697,35.62698,-120.76469,80.53767779197437,11,448.3013916015625
698,35.627,-120.76457,45.00000002035557,1,447.3572387695312
699,35.62701,-120.76456,81.2538377376801,12,447.3711242675781
700,35.62703,-120.76443,80.5376777897738,5,446.4267272949219
701,35.62704,-120.76437,68.19859051505205,5,446.1977844238281
702,35.62706,-120.76432,68.19859051505205,5,445.9326171875
703,35.62708,-120.76427,66.80140948284225,7,445.6482849121094
704,35.62711,-120.7642,60.25511870681572,8,445.4385070800781
705,35.62715,-120.76413,59.03624345954478,5,444.8630981445312
706,35.62718,-120.76408,51.3401917478958,6,444.4327392578125
707,35.62722,-120.76403,45.0,7,444.04736328125
708,35.62727,-120.76398,32.00538320991319,20,443.68310546875
709,35.62743,-120.76388,34.50852298907222,20,442.47607421875
710,35.62759,-120.76377,26.565051164864656,5,440.8725280761719
711,35.62763,-120.76375,36.86989764910089,10,440.3656311035156
712,35.62771,-120.76369,69.4439547781858,8,439.1331481933594
713,35.62774,-120.76361,75.96375653207355,6,438.1254272460938
714,35.62776,-120.76353,89.28384005450249,7,436.8923645019531
715,35.62776,-120.76345,276.3401917478958,7,436.0245971679688
716,35.62775,-120.76336,84.28940686430099,1,435.2351684570312
717,35.62775,-120.76335,283.09189306361577,40,435.1422729492188
718,35.62765,-120.76292,285.5241109972209,17,431.5589294433594
719,35.6276,-120.76274,284.62087398884785,22,431.2012939453125
720,35.62754,-120.76251,315.0,1,429.3069152832031
721,35.62753,-120.7625,290.2248594310688,19,429.4366760253906
722,35.62746,-120.76231,299.74488129819485,7,428.3266906738281
723,35.62742,-120.76224,308.6598082533454,25,428.1343078613281
724,35.62726,-120.76204,296.565051177078,8,428.082763671875
725,35.62722,-120.76196,299.0546040998453,20,427.3918762207031
726,35.62712,-120.76178,293.19859050803285,7,423.5054016113281
727,35.62709,-120.76171,293.19859051715775,14,423.028076171875
728,35.62703,-120.76157,282.52880770867256,8,422.1277770996094
729,35.62701,-120.76148,88.8542371618629,4,422.256103515625
730,35.62701,-120.76143,89.04515874620472,5,421.9454956054688
731,35.62701,-120.76137,81.86989764258715,6,421.6962280273438
732,35.62702,-120.7613,77.47119229132744,33,420.240966796875
733,35.6271,-120.76094,71.56505117911354,6,415.4540710449219
734,35.62712,-120.76088,89.28384005450249,6,414.2476806640625
735,35.62712,-120.7608,89.28384005450249,7,414.4694213867188
736,35.62712,-120.76072,89.59075139197034,13,414.5136413574219
737,35.62712,-120.76058,277.1250163451439,7,415.1329650878906
738,35.62711,-120.7605,87.13759477276483,2,416.2491455078125
739,35.62711,-120.76048,281.3099324732373,9,416.64501953125
740,35.62709,-120.76038,282.52880770867256,8,416.0979309082031
741,35.62707,-120.76029,87.13759477276483,2,416.6433715820312
742,35.62707,-120.76027,277.12501635015445,7,416.9708557128906
743,35.62706,-120.76019,277.1250163514071,7,418.0473022460938
744,35.62705,-120.76011,89.0451587459786,5,418.5127258300781
745,35.62705,-120.76005,81.8698976442156,6,418.8075256347656
746,35.62706,-120.75998,71.56505117911354,5,419.1535034179688
747,35.62708,-120.75992,59.03624345954478,5,419.4639282226562
748,35.62711,-120.75987,84.28940686430099,1,419.9081115722656
749,35.62711,-120.75986,63.43494882835017,6,419.9280090332031
750,35.62714,-120.7598,52.594643366902574,21,420.2366638183594
751,35.62727,-120.75963,60.25511870681572,8,420.7744445800781
752,35.62731,-120.75956,56.30993247088861,7,420.908447265625
753,35.62735,-120.7595,56.30993247715185,7,420.8460998535156
754,35.62739,-120.75944,71.56505117911354,6,420.8575439453125
755,35.62741,-120.75938,71.56505117572095,9,420.9487915039062
756,35.62744,-120.75929,71.56505117504241,6,420.8900756835938
757,35.62746,-120.75923,78.69006752284815,4,420.6064758300781
758,35.62747,-120.75918,80.53767779637559,5,420.3563842773438
759,35.62748,-120.75912,86.63353933544715,15,420.1664428710938
760,35.62749,-120.75895,89.52254622267236,10,420.0835266113281
761,35.62749,-120.75883,272.8624052269239,18,420.1057739257812
762,35.62748,-120.75863,279.4623222080256,11,420.1848449707031
763,35.62746,-120.75851,273.57633437341326,14,419.5333251953125
764,35.62745,-120.75835,280.00797980239764,15,419.823486328125
765,35.62742,-120.75818,281.30993247480313,9,419.1074523925781
766,35.6274,-120.75808,88.09084756760916,3,419.1030578613281
767,35.6274,-120.75805,284.03624346792645,15,419.4166870117188
768,35.62736,-120.75789,288.43494882427905,9,420.7296752929688
769,35.62733,-120.7578,278.1301023544274,20,420.4335327148438
770,35.6273,-120.75759,280.6196552749261,15,421.2336120605469
771,35.62727,-120.75743,279.4623222113265,11,421.0359191894531
772,35.62725,-120.75731,282.52880770867256,8,422.0651245117188
773,35.62723,-120.75722,280.0079798000752,16,422.9049987792969
774,35.6272,-120.75705,279.4623222069253,11,423.0756530761719
775,35.62718,-120.75693,281.3099324732373,9,423.23974609375
776,35.62716,-120.75683,296.5650511803349,10,424.009521484375
777,35.62711,-120.75673,300.25643716184175,13,424.9881591796875
778,35.62704,-120.75661,308.6598082521042,6,425.2994079589844
779,35.627,-120.75656,294.7751405708178,14,424.7691040039062
780,35.62694,-120.75643,295.3461759432362,20,424.3440551757812
781,35.62685,-120.75624,295.5599651715106,24,424.5853576660156
782,35.62674,-120.75601,306.0273733824629,12,422.551513671875
783,35.62666,-120.7559,308.65980825640696,19,422.3428344726562
784,35.62654,-120.75575,296.5650511689358,4,421.0860900878906
785,35.62652,-120.75571,298.6104596667431,12,421.2252197265625
786,35.62646,-120.7556,293.9624889756274,18,420.5824890136719
787,35.62638,-120.75542,289.29004621882603,20,419.1887512207031
788,35.62631,-120.75522,275.71059313749964,17,417.7837524414062
789,35.62629,-120.75502,89.66296989013648,14,416.3291931152344
790,35.62629,-120.75485,71.5650511760602,10,414.3833312988281
791,35.62633,-120.75473,63.434948822922024,3,413.0882568359375
792,35.62635,-120.75469,51.3401917478958,6,413.0077209472656
793,35.62639,-120.75464,33.69006752180428,10,412.8857116699219
794,35.62648,-120.75458,23.9624889737388,10,412.7605590820312
795,35.62657,-120.75454,8.972626617867206,19,412.216064453125
796,35.62676,-120.75451,23.9624889737388,10,412.5505676269531
797,35.62685,-120.75447,51.34019174293104,6,412.3280639648438
798,35.62689,-120.75442,84.28940686430099,0,411.7584533691406
799,35.62689,-120.75441,68.19859050943671,4,411.6323852539062
800,35.62691,-120.75436,279.4623222102262,4,411.6254272460938
801,35.6269,-120.7543,291.80140948494795,5,412.2081298828125
802,35.62688,-120.75425,300.9637565332709,5,412.9273071289062
803,35.62685,-120.7542,315.0,0,413.5281982421875
804,35.62681,-120.75416,333.4349488147798,0,413.8193054199219
805,35.62679,-120.75415,344.0546041052222,8,413.8459167480469
806,35.62672,-120.75413,350.5376777886735,7,413.8270568847656
807,35.62666,-120.75412,348.69006752284815,6,413.7340087890625
808,35.62661,-120.75411,14.931417177799688,17,413.610107421875
809,35.62646,-120.75415,4.969740727881174,52,412.6526794433594
810,35.626,-120.75419,354.80557109793807,12,412.8033447265625
811,35.62589,-120.75418,0.0,18,413.1785583496094
812,35.62573,-120.75418,348.6900675223262,18,412.087890625
813,35.62558,-120.75415,341.56505117809576,13,411.6777954101562
814,35.62546,-120.75411,333.4349488310642,5,410.6563110351562
815,35.62542,-120.75409,323.97262661335594,28,410.3534240722656
816,35.6252,-120.75393,321.58194465491056,38,409.4226989746094
817,35.62491,-120.7537,320.7105931372981,14,407.614501953125
818,35.6248,-120.75361,306.60707481252183,43,406.8938903808594
819,35.62454,-120.75326,304.3803447245362,22,406.5613708496094
820,35.62441,-120.75307,304.07719527998574,40,406.221923828125
821,35.62418,-120.75273,296.565051177078,2,404.4410705566406
822,35.62417,-120.75271,299.1974860460108,37,404.4913940429688
823,35.62398,-120.75237,301.4295656163023,20,401.4095458984375
824,35.62387,-120.75219,84.28940686430099,1,400.2615356445312
825,35.62387,-120.75218,293.9624889737388,19,400.2797241210938
826,35.62379,-120.752,84.2894068562394,0,399.3623657226562
827,35.62379,-120.75199,288.43494882088646,6,399.3475341796875
828,35.62377,-120.75193,274.7636416924108,11,398.8641052246094
829,35.62376,-120.75181,274.08561677832165,12,398.4124145507812
830,35.62375,-120.75167,79.21570213332825,18,398.1275634765625
831,35.62379,-120.75146,70.01689347750573,11,397.0197143554688
832,35.62383,-120.75135,68.45902408116888,37,396.3809204101562
833,35.62398,-120.75097,87.13759477276483,1,394.6264038085938
834,35.62398,-120.75095,88.56790381578116,3,394.5112915039062
835,35.62398,-120.75091,296.565051177078,1,394.7346496582031
836,35.62397,-120.75089,296.565051177078,3,394.6308898925781
837,35.62395,-120.75085,308.6598082521042,3,394.5325317382812
838,35.62391,-120.7508,14.036243470321267,3,394.87353515625
839,35.62387,-120.75081,12.528807704361952,9,394.7669677734375
840,35.62378,-120.75083,30.068582823805116,22,395.5357360839844
841,35.62359,-120.75094,0.0,6,395.7185363769531
842,35.62354,-120.75094,5.194428909403314,12,395.9893188476562
843,35.62343,-120.75095,344.4758890027791,19,395.4632873535156
844,35.62325,-120.7509,332.10272896861227,20,394.4712219238281
845,35.62308,-120.75081,336.80140948494795,16,394.4172668457031
846,35.62294,-120.75075,341.5650511797921,10,394.6360473632812
847,35.62285,-120.75072,344.74488129913436,12,394.1165466308594
848,35.62274,-120.75069,323.1301023546988,14,393.2108459472656
849,35.62262,-120.7506,299.054604098117,20,391.6791687011719
850,35.62252,-120.75042,298.61045966648385,12,391.0166015625
851,35.62246,-120.75031,296.565051177078,19,390.4085083007812
852,35.62237,-120.75013,307.6942404663732,26,390.2688598632812
853,35.6222,-120.74991,313.45184230054656,27,389.0890197753906
854,35.62202,-120.74972,307.8749836507068,45,387.1642761230469
855,35.62174,-120.74936,296.5650511933624,2,384.651611328125
856,35.62173,-120.74934,300.25643716184175,12,384.482421875
857,35.62166,-120.74922,282.52880770867256,9,381.9654846191406
858,35.62164,-120.74913,282.52880770867256,8,381.2891540527344
859,35.62162,-120.74904,274.3987053564324,12,380.0728454589844
860,35.62161,-120.74891,278.9726266140161,17,380.1703186035156
861,35.62158,-120.74872,279.4623222074755,22,378.9514770507812
862,35.62154,-120.74848,273.36646066455285,15,377.851806640625
863,35.62153,-120.74831,279.4623222102262,5,377.9300537109375
864,35.62152,-120.74825,286.69924423100565,9,378.0501708984375
865,35.62149,-120.74815,296.5650511787064,22,377.7158508300781
866,35.62139,-120.74795,288.4349488202079,8,374.930419921875
867,35.62136,-120.74786,279.4623222102262,5,374.2032165527344
868,35.62135,-120.7478,277.76516601908594,19,373.8477172851562
869,35.62132,-120.74758,272.8624052250965,18,371.7673950195312
870,35.62131,-120.74738,272.7263109946431,18,369.7882995605469
871,35.6213,-120.74717,282.52880770867256,16,369.0035400390625
872,35.62126,-120.74699,285.9453959006668,20,367.1372680664062
873,35.6212,-120.74678,284.5344550806971,25,364.8411865234375
874,35.62113,-120.74651,272.1210963973307,24,360.8575744628906
875,35.62112,-120.74624,275.1944289053989,10,359.8498840332031
876,35.62111,-120.74613,275.19442890756795,40,359.6772155761719
877,35.62107,-120.74569,85.91438322167835,12,355.8964538574219
878,35.62108,-120.74555,82.4053566312308,14,354.764404296875
879,35.6211,-120.7454,78.69006752545783,14,354.2171020507812
880,35.62113,-120.74525,63.434948822922024,2,354.1998596191406
881,35.62114,-120.74523,77.73522627181364,21,354.3697814941406
882,35.62119,-120.745,77.00538320693994,11,353.2550354003906
883,35.62122,-120.74487,89.61803379528368,14,353.1377563476562
884,35.62122,-120.74472,277.1250163489018,14,352.3738098144531
885,35.6212,-120.74456,284.0362434655317,7,351.478759765625
886,35.62118,-120.74448,285.945395901691,7,351.2411193847656
887,35.62116,-120.74441,291.8014094884576,9,351.5500183105469
888,35.62112,-120.74431,293.9624889737388,9,351.1634826660156
889,35.62108,-120.74422,302.0053832099132,8,351.2235107421875
890,35.62103,-120.74414,310.6012946406939,9,350.81298828125
891,35.62097,-120.74407,308.659808256076,13,350.7101745605469
892,35.62089,-120.74397,318.814074832489,11,350.1558532714844
893,35.62081,-120.7439,324.4623222074755,9,348.8431396484375
894,35.62074,-120.74385,323.13010235741285,10,347.8373413085938
895,35.62066,-120.74379,329.0362434607422,7,347.01171875
896,35.62061,-120.74376,326.3099324865467,4,346.1526184082031
897,35.62058,-120.74374,323.1301023443853,5,345.762939453125
898,35.62054,-120.74371,303.6900675291114,9,345.1202087402344
899,35.62048,-120.74362,296.5650511689358,4,344.8720703125
900,35.62046,-120.74358,291.8014094891595,15,344.513427734375
901,35.6204,-120.74343,294.44395477679154,11,342.4854431152344
902,35.62035,-120.74332,299.3577535437577,18,342.6461181640625
903,35.62026,-120.74316,294.4439547798588,11,343.1860961914062
904,35.62021,-120.74305,281.30993247715185,4,343.3810424804688
905,35.6202,-120.743,280.53918372837285,40,343.6727294921875
906,35.62012,-120.74257,281.0409401798571,37,341.5162048339844
907,35.62004,-120.74216,296.5650511933624,2,341.8070678710938
908,35.62003,-120.74214,289.983106520117,11,341.7301635742188
909,35.61999,-120.74203,292.61986494948576,12,341.3730163574219
910,35.61994,-120.74191,291.80140948494795,15,342.7529907226562
911,35.61988,-120.74176,87.13759477479533,2,343.4647827148438
912,35.61988,-120.74174,285.4221613198633,27,343.5613708496094
913,35.6198,-120.74145,282.9946167900868,12,341.2127380371094
914,35.61977,-120.74132,284.036243469523,11,340.8167419433594
915,35.61974,-120.7412,281.88865803898005,18,339.9610900878906
916,35.6197,-120.74101,279.4623222069253,11,340.3613586425781
917,35.61968,-120.74089,87.13759477276483,2,339.6290283203125
918,35.61968,-120.74087,293.9624889775161,8,339.4916687011719
919,35.61964,-120.74078,310.6012946464413,9,338.9898376464844
920,35.61958,-120.74071,303.6900675165849,3,338.5635986328125
921,35.61956,-120.74068,307.56859203003825,16,338.8878479003906
922,35.61946,-120.74055,315.00000001017776,3,340.9487915039062
923,35.61944,-120.74053,309.28940686088805,14,340.9255981445312
924,35.61935,-120.74042,305.53767779215775,24,340.7489013671875
925,35.6192,-120.74021,296.565051177078,15,338.7700500488281
926,35.61913,-120.74007,295.3461759415783,19,338.5621948242188
927,35.61904,-120.73988,284.62087398798315,23,339.3455810546875
928,35.61898,-120.73965,84.28940686430099,1,339.0699462890625
929,35.61898,-120.73964,89.42706130225412,8,339.1519165039062
930,35.61898,-120.73954,71.56505117911354,5,339.9762573242188
931,35.619,-120.73948,63.434948822922024,0,340.5512390136719
932,35.61902,-120.73944,45.0,5,340.5780944824219
933,35.61906,-120.7394,56.30993248341508,3,340.3843688964844
934,35.61908,-120.73937,26.56505117056423,11,339.9716796875
935,35.61918,-120.73932,15.945395905531655,16,339.5047912597656
936,35.61932,-120.73928,2.9356734452999262,44,339.1286926269531
937,35.61971,-120.73926,4.39870535619292,14,339.5506896972656
938,35.61984,-120.73925,1.1934894243706253,53,340.2337646484375
939,35.62032,-120.73924,354.8055710905967,12,341.0848693847656
940,35.62043,-120.73925,356.82016987913363,20,340.2764892578125
941,35.62061,-120.73926,0.0,6,340.2897644042969
942,35.62066,-120.73926,355.33314162872944,54,340.13818359375
943,35.62115,-120.7393,355.91438321868185,31,336.8536987304688
944,35.62143,-120.73932,0.0,31,334.1492614746094
945,35.62172,-120.73932,356.8201698835179,21,334.1837768554688
946,35.6219,-120.73933,4.763641685391633,14,334.1347351074219
947,35.62202,-120.73932,10.007979802192722,37,333.6438598632812
948,35.62236,-120.73926,26.565051185220227,2,335.0921020507812
949,35.62238,-120.73925,14.036243465531697,13,335.1021728515625
950,35.6225,-120.73922,21.250505509316156,21,335.6424560546875
951,35.62268,-120.73915,30.963756529080058,12,338.8071899414062
952,35.62278,-120.73909,15.25511870775523,12,337.8282775878906
953,35.62289,-120.73906,15.524110997220873,20,337.9795837402344
954,35.62307,-120.73901,8.130102345199532,7,340.14599609375
955,35.62314,-120.739,0.0,3,340.93359375
956,35.62317,-120.739,353.9909940447362,21,341.1265869140625
957,35.62336,-120.73902,5.194428906844962,36,342.0150451660156
958,35.62369,-120.73899,23.962488975417614,11,344.4235534667969
959,35.62378,-120.73895,26.565051182506124,7,345.29931640625
960,35.62384,-120.73892,26.565051172192682,12,345.8621826171875
961,35.62394,-120.73887,33.69006752597977,26,346.675048828125
962,35.62415,-120.73873,26.565051185220227,3,349.3288879394531
963,35.62417,-120.73872,39.80557109259888,16,349.311279296875
964,35.62429,-120.73862,52.125016348588645,11,350.0159301757812
965,35.62436,-120.73853,58.57043438534447,20,351.1637573242188
966,35.62447,-120.73835,59.743562835205125,13,352.467041015625
967,35.62454,-120.73823,64.35899417728291,26,353.6517333984375
968,35.62466,-120.73798,70.01689347750573,11,353.9857177734375
969,35.6247,-120.73787,84.28940686430099,0,354.8814697265625
970,35.6247,-120.73786,79.69515352732572,9,355.0379333496094
971,35.62472,-120.73775,278.7461622653791,12,354.927001953125
972,35.6247,-120.73762,282.09475707502617,14,356.9938354492188
973,35.62467,-120.73748,290.55604522014113,15,357.9420776367188
974,35.62461,-120.73732,298.07248693641645,16,358.4110412597656
975,35.62453,-120.73717,294.6768631697478,38,359.7645263671875
976,35.62436,-120.7368,293.62937772985595,16,361.5775451660156
977,35.62429,-120.73664,293.9624889756274,18,361.3255004882812
978,35.62421,-120.73646,296.565051177078,8,363.35400390625
979,35.62417,-120.73638,304.50852298853226,18,363.3034973144531
980,35.62406,-120.73622,319.7636416887608,17,363.6948547363281
981,35.62393,-120.73611,331.11341823398,35,364.7892456054688
982,35.62364,-120.73595,317.29061004341895,16,367.5144348144531
983,35.62351,-120.73583,299.74488129756855,6,366.4635925292969
984,35.62347,-120.73576,89.28384005450249,5,366.3840637207031
985,35.62347,-120.73568,74.05460410138153,8,366.5153198242188
986,35.62349,-120.73561,48.81407483284926,12,366.87060546875
987,35.62356,-120.73553,21.801409477928814,5,367.9721984863281
988,35.62361,-120.73551,0.0,2,368.864990234375
989,35.62364,-120.73551,9.462322211326523,13,369.5889892578125
990,35.62376,-120.73549,352.56859203003825,26,371.6660766601562
991,35.62399,-120.73552,356.98721249491695,21,375.2523193359375
992,35.62418,-120.73553,333.4349488147798,2,378.1388549804688
993,35.6242,-120.73554,5.194428909403314,12,377.8862609863281
994,35.62431,-120.73553,11.309932470105707,11,378.6807556152344
995,35.62441,-120.73551,23.629377732925946,18,378.97509765625
996,35.62457,-120.73544,33.69006752180428,11,378.6654357910156
997,35.62466,-120.73538,33.690067532243006,3,379.525146484375
998,35.62469,-120.73536,40.60129464692028,9,379.8069763183594
999,35.62476,-120.7353,48.179830118736845,26,380.3636779785156
1000,35.62493,-120.73511,39.80557109259888,15,384.4877014160156
1001,35.62505,-120.73501,35.537677792524505,9,385.2186889648438
1002,35.62512,-120.73496,40.60129464692028,10,386.6403503417969
1003,35.62519,-120.7349,20.556045217352732,8,387.5865478515625
1004,35.62527,-120.73487,45.00000002035557,1,387.941162109375
1005,35.62528,-120.73486,0.0,7,388.2719421386719
1006,35.62534,-120.73486,348.69006752284815,4,388.6150512695312
1007,35.62539,-120.73487,314.9999999959289,5,388.7616577148438
1008,35.62544,-120.73492,293.19859051715775,7,388.4925537109375
1009,35.62547,-120.73499,276.709836807618,14,388.3850402832031
1010,35.62549,-120.73516,279.0902769201872,22,388.6246032714844
1011,35.62553,-120.73541,296.5650511797921,12,389.9118957519531
1012,35.62559,-120.73553,314.99999997964443,1,391.2650756835938
1013,35.6256,-120.73554,307.87498365141136,10,391.3866882324219
1014,35.62567,-120.73563,337.3801350517187,13,392.3220520019531
1015,35.62579,-120.73568,0.0,13,393.3558349609375
1016,35.62592,-120.73568,0.0,0,393.6549377441406
1017,35.62593,-120.73568,14.036243471518617,8,393.6234130859375
1018,35.62601,-120.73566,24.44395478125307,13,394.3219909667969
1019,35.62612,-120.73561,34.69515353155964,16,395.6265869140625
1020,35.62625,-120.73552,41.987212494916946,13,396.8255004882812
1021,35.62635,-120.73543,44.999999995928874,7,397.5166320800781
1022,35.6264,-120.73538,45.00000000678517,4,398.0156555175781
1023,35.62643,-120.73535,53.130102353070356,29,398.3258666992188
1024,35.62661,-120.73511,61.55707137640172,26,399.1156311035156
1025,35.62674,-120.73487,56.30993247088861,3,401.8916625976562
1026,35.62676,-120.73484,70.34617594157828,27,401.8773803710938
1027,35.62686,-120.73456,77.00538320693994,12,405.2521667480469
1028,35.62689,-120.73443,78.69006752676268,9,405.2268371582031
1029,35.62691,-120.73433,85.91438322167835,13,406.7150573730469
1030,35.62692,-120.73419,87.87890360266931,24,407.7360534667969
1031,35.62693,-120.73392,86.05481377101063,26,409.8626708984375
1032,35.62695,-120.73363,88.56790381578116,4,412.6195678710938
1033,35.62695,-120.73359,87.13759477510655,18,412.9723815917969
1034,35.62696,-120.73339,271.27303001955437,41,414.1810913085938
1035,35.62695,-120.73294,273.0127875041271,34,416.7518310546875
1036,35.62693,-120.73256,89.80901477564669,27,419.6101684570312
1037,35.62693,-120.73226,273.012787505083,16,419.2175903320312
1038,35.62692,-120.73207,296.565051177078,1,419.6060180664062
1039,35.62691,-120.73205,288.434948822922,14,419.6025085449219
1040,35.62686,-120.7319,302.0053832099132,18,419.3557739257812
1041,35.62676,-120.73174,299.7448812931843,8,418.5850524902344
1042,35.62672,-120.73167,299.74488129819485,8,418.2001647949219
1043,35.62668,-120.7316,298.6104596666135,23,417.8379821777344
1044,35.62656,-120.73138,291.80140948494795,14,416.1986083984375
1045,35.6265,-120.73123,282.09475707780643,13,416.987548828125
1046,35.62647,-120.73109,87.13759477276483,1,416.9256591796875
1047,35.62647,-120.73107,272.86240522489345,18,416.6537475585938
1048,35.62646,-120.73087,84.2894068562394,1,414.7823181152344
1049,35.62646,-120.73086,273.3664606642721,15,414.8083801269531
1050,35.62645,-120.73069,284.03624346313694,3,414.3511962890625
1051,35.62644,-120.73065,279.4623222084657,28,414.2400817871094
1052,35.62639,-120.73035,284.8264799700265,32,410.7903137207031
1053,35.6263,-120.73001,284.036243472716,4,407.8919677734375
1054,35.62629,-120.72997,286.3895403326086,16,407.7984313964844
1055,35.62624,-120.7298,285.2551187052499,10,406.9549255371094
1056,35.62621,-120.72969,285.25511870337095,11,405.4090270996094
1057,35.62618,-120.72958,293.6293777317246,15,402.82666015625
1058,35.62611,-120.72942,311.18592516318773,21,400.5768127441406
1059,35.62597,-120.72926,315.0,2,399.8813171386719
1060,35.62596,-120.72925,307.87498365141136,22,399.9412841796875
1061,35.62582,-120.72907,317.4895529229209,16,399.7029418945312
1062,35.6257,-120.72896,329.7435628392129,14,400.0714416503906
1063,35.62558,-120.72889,333.4349488221078,24,401.2482299804688
1064,35.62538,-120.72879,315.0,10,402.5640869140625
1065,35.6253,-120.72871,295.01689347765426,17,401.9586791992188
1066,35.62523,-120.72856,278.7461622623199,12,396.5767517089844
1067,35.62521,-120.72843,86.82016988138844,15,394.564208984375
1068,35.62522,-120.72825,71.56505117572095,8,392.9250793457031
1069,35.62525,-120.72816,66.80140949196715,7,392.3479919433594
1070,35.62528,-120.72809,70.3461759397361,14,392.0201721191406
1071,35.62533,-120.72795,70.34617594157828,13,391.7935791015625
1072,35.62538,-120.72781,79.99202019842204,15,390.0823364257812
1073,35.62541,-120.72764,89.59075139192879,12,388.756591796875
1074,35.62541,-120.7275,89.76126896690619,21,389.391357421875
1075,35.62541,-120.72726,274.2363947988922,24,387.8826599121094
1076,35.62539,-120.72699,272.2025981624874,23,385.4432373046875
1077,35.62538,-120.72673,89.47914362552876,10,385.6588745117188
1078,35.62538,-120.72662,89.71352348971209,18,383.7582702636719
1079,35.62538,-120.72642,277.4314079717022,20,379.7691955566406
1080,35.62535,-120.72619,84.28940686430099,1,379.1939697265625
1081,35.62535,-120.72618,284.0362434669686,19,378.9331970214844
1082,35.6253,-120.72598,282.60860679344677,72,377.15087890625
1083,35.62513,-120.72522,279.21102654072973,34,374.11572265625
1084,35.62507,-120.72485,275.3558250432493,29,369.3058471679688
1085,35.62504,-120.72453,89.28384005450249,7,366.5801696777344
1086,35.62504,-120.72445,272.86240522489345,18,365.8436889648438
1087,35.62503,-120.72425,272.38594403123545,22,366.2735290527344
1088,35.62502,-120.72401,88.09084756760916,3,366.6595458984375
1089,35.62502,-120.72398,88.56790381537763,36,366.7267456054688
1090,35.62503,-120.72358,273.4682292587309,30,363.0044860839844
1091,35.62501,-120.72325,274.7636416924108,11,360.9463806152344
1092,35.625,-120.72313,281.30993247715185,5,359.9268188476562
1093,35.62499,-120.72308,278.13010235374884,12,359.6562194824219
1094,35.62497,-120.72294,284.62087398884785,22,358.3512878417969
1095,35.62491,-120.72271,290.854458037966,20,359.1193237304688
1096,35.62483,-120.7225,281.30993247715185,4,355.9491882324219
1097,35.62482,-120.72245,295.64100582531114,26,354.9126586914062
1098,35.6247,-120.7222,294.90476880758257,29,354.5514831542969
1099,35.62457,-120.72192,296.565051177078,6,352.6151428222656
1100,35.62454,-120.72186,300.25643716184175,13,351.6334228515625
1101,35.62447,-120.72174,303.6900675291114,3,351.098388671875
1102,35.62445,-120.72171,310.2363583112392,16,350.9382019042969
1103,35.62434,-120.72158,314.99999997964443,1,350.357177734375
1104,35.62433,-120.72157,312.5104470789226,16,350.3801879882812
1105,35.62422,-120.72145,314.9999999981495,16,348.3921203613281
1106,35.62411,-120.72134,315.0,6,345.9520874023438
1107,35.62407,-120.7213,315.0,12,345.20166015625
1108,35.62398,-120.72121,326.30993247715185,7,344.480712890625
1109,35.62392,-120.72117,323.13010235741285,5,344.3724060058594
1110,35.62388,-120.72114,320.1944289057326,8,344.1375122070312
1111,35.62382,-120.72109,330.2551187043104,9,343.7173767089844
1112,35.62375,-120.72105,323.1301023533417,11,343.2626647949219
1113,35.62367,-120.72099,327.9946167900868,10,342.1286926269531
1114,35.62359,-120.72094,323.13010235741285,5,340.8037414550781
1115,35.62355,-120.72091,315.0,7,340.3376159667969
1116,35.6235,-120.72086,306.8698976491009,4,340.1452941894531
1117,35.62347,-120.72082,84.28940686430099,1,339.73486328125
1118,35.62347,-120.72081,306.86989764258715,4,339.7340698242188
1119,35.62344,-120.72077,293.1985905129463,6,339.9213256835938
1120,35.62341,-120.7207,284.03624346792645,8,339.6108703613281
1121,35.62339,-120.72062,284.03624346792645,8,339.4036560058594
1122,35.62337,-120.72054,273.8140748353712,13,339.4935607910156
1123,35.62336,-120.72039,89.36340642403752,8,339.0566101074219
1124,35.62336,-120.7203,89.88307000006319,44,338.4747009277344
1125,35.62336,-120.71981,273.5763343744693,43,336.90771484375
1126,35.62333,-120.71933,274.9697407287595,42,335.7391662597656
1127,35.62329,-120.71887,275.013113754526,52,335.38623046875
1128,35.62324,-120.7183,278.6156481843103,31,332.7957153320312
1129,35.62319,-120.71797,282.2647737289212,21,331.2466125488281
1130,35.62314,-120.71774,288.4349488217007,29,330.3623046875
1131,35.62304,-120.71744,291.50143432543945,34,329.5908203125
1132,35.62291,-120.71711,290.5560452179104,16,328.7032470703125
1133,35.62285,-120.71695,294.44395478264727,11,327.6921691894531
1134,35.6228,-120.71684,288.4349488202079,9,327.2105712890625
1135,35.62277,-120.71675,285.25511870337095,10,327.2067565917969
1136,35.62274,-120.71664,286.6992442347406,10,326.9862976074219
1137,35.62271,-120.71654,280.0079798000752,16,327.2994995117188
1138,35.62268,-120.71637,280.88552705512336,24,327.827392578125
1139,35.62263,-120.71611,281.821488340776,40,328.2642822265625
1140,35.62254,-120.71568,281.04094018081366,38,327.8489685058594
1141,35.62246,-120.71527,279.35297924974765,78,326.6144409179688
1142,35.62232,-120.71442,276.05419189409633,60,324.9374084472656
1143,35.62225,-120.71376,275.5275401514673,56,323.6723327636719
1144,35.62219,-120.71314,276.78897457480286,39,322.1460266113281
1145,35.62214,-120.71272,275.71059313911195,9,321.3033142089844
1146,35.62213,-120.71262,278.6156481843103,30,321.5584106445312
1147,35.62208,-120.71229,283.32453126215773,36,320.3423767089844
1148,35.62199,-120.71191,281.3099324732373,28,318.2258605957031
1149,35.62193,-120.71161,279.4623222080256,22,317.1273498535156
1150,35.62189,-120.71137,280.1246716555991,26,316.7386474609375
1151,35.62184,-120.71109,278.97262661335594,17,315.8535766601562
1152,35.62181,-120.7109,84.2894068562394,1,314.9713439941406
1153,35.62181,-120.71089,275.44033203246926,19,314.9119567871094
1154,35.62179,-120.71068,271.97493401015674,26,314.475830078125
1155,35.62178,-120.71039,272.04540848950955,25,315.8694152832031
1156,35.62177,-120.71011,272.7263109928931,19,316.3052368164062
1157,35.62176,-120.7099,89.47914362552876,10,317.075927734375
1158,35.62176,-120.70979,87.13759477276483,2,317.4337768554688
1159,35.62176,-120.70977,89.55927192728251,11,317.5566101074219
1160,35.62176,-120.70964,80.53767779197437,10,318.3153991699219
1161,35.62178,-120.70952,74.74488129475009,10,319.0278625488281
1162,35.62181,-120.70941,63.434948826178925,10,319.4360656738281
1163,35.62186,-120.70931,53.13010235089911,10,319.8511352539062
1164,35.62192,-120.70923,37.87498365422982,10,320.9532470703125
1165,35.62201,-120.70916,26.565051178706426,12,321.1807861328125
1166,35.62211,-120.70911,20.556045216516168,18,322.3125
1167,35.62227,-120.70905,19.440034829929914,20,321.400146484375
1168,35.62244,-120.70899,31.607502244152215,16,320.2325744628906
1169,35.62257,-120.70891,45.00000000203556,14,318.433349609375
1170,35.62267,-120.70881,57.52880770867256,26,316.7317810058594
1171,35.62281,-120.70859,65.85445804030388,30,314.9050903320312
1172,35.62294,-120.7083,69.77514056754109,19,313.4277954101562
1173,35.62301,-120.70811,68.9624889737388,13,312.1348571777344
1174,35.62306,-120.70798,70.70995378208067,39,311.2438049316406
1175,35.6232,-120.70758,70.20112364501375,24,308.7575988769531
1176,35.62329,-120.70733,71.56505116893578,3,307.1512756347656
1177,35.6233,-120.7073,71.56505117775652,18,306.8070068359375
1178,35.62336,-120.70712,77.47119229132744,17,305.5754089355469
1179,35.6234,-120.70694,80.53767779124087,17,304.0480346679688
1180,35.62343,-120.70676,85.6012946435676,11,301.9132385253906
1181,35.62344,-120.70663,273.012787505083,17,301.2627868652344
1182,35.62343,-120.70644,278.13010235448166,33,299.3274230957031
1183,35.62338,-120.70609,277.1250163463965,7,296.5441284179688
1184,35.62337,-120.70601,278.13010235374884,26,296.1182861328125
1185,35.62333,-120.70573,277.3523793609341,28,294.8970947265625
1186,35.62329,-120.70542,282.38075692876095,39,293.3659973144531
1187,35.6232,-120.70501,284.4702940995893,29,290.9478149414062
1188,35.62312,-120.7047,287.52556837279997,18,289.1752624511719
1189,35.62306,-120.70451,291.0375110262612,13,287.400634765625
1190,35.62301,-120.70438,289.3348085379045,56,286.8966979980469
1191,35.62281,-120.70381,291.8014094863518,46,284.45458984375
1192,35.62263,-120.70336,0.0,0,279.522705078125
1193,35.62263,-120.70336,294.4439547798588,11,279.522705078125
1194,35.62258,-120.70325,289.02560603735236,28,277.9758911132812
1195,35.62248,-120.70296,290.0560947367021,125,276.2291870117188
1196,35.62202,-120.7017,288.9704078084036,189,269.3271484375
1197,35.62136,-120.69978,289.83212985044105,60,259.3019409179688
1198,35.62114,-120.69917,289.6538240581761,41,255.7967376708984
1199,35.62099,-120.69875,288.8247100180894,44,253.113037109375
1200,35.62084,-120.69831,290.26569747058284,26,251.2439117431641
1201,35.6206,-120.69766,284.036243472716,0,248.9309234619141
1202,35.62058,-120.69758,286.6992442342426,597,248.5037994384766
1203,35.62049,-120.69728,285.9453958996426,20,247.7893371582031
1204,35.62043,-120.69707,275.1944289060663,10,246.404541015625
1205,35.62042,-120.69696,281.30993247715185,0,246.4358367919922
1206,35.62041,-120.69691,87.39743779666082,20,247.0222930908203
1207,35.62042,-120.69669,89.88765547826523,46,246.0100402832031
1208,35.62042,-120.69618,85.7636052011078,24,243.8009033203125
1209,35.62044,-120.69591,86.05481377101063,27,243.5260009765625
1210,35.62046,-120.69562,0.0,0,242.6305847167969
